目黒記念,2026年5月31日,東京,2500m(芝)

実結果,予想順位,枠番,馬番,馬名,合計,前走重賞近差,前走3F最速,同コース実績,調教評価,叩き2戦目,前走好走,血統距離適性,初馬場,距離延長,昇級,特殊条件,前走ローカル,長期休養,枠不利,トップハンデ,急坂歴なし,体重変動,回り不適,季節性別
10,1,6,9,ハーツコンチェルト,6.0,0,4,0,0,1,0.0,1.0,0,0,0,0,0,0,0.0,0,0,0,0,0
2,2,4,6,ウィクトルウェルス,4.5,0,0,0,0,1,2.0,-0.5,0,0,0,0,0,0,0.0,0,0,0,0,0
1,3,3,4,ファイアンクランツ,3.5,0,0,0,0,1,1.0,0.5,0,0,0,0,0,0,0.0,0,0,0,0,0
3,4,7,11,ダノンシーマ,3.5,0,0,0,0,0,0.0,0.5,0,0,0,0,0,0,0.0,-1,0,0,0,0
6,5,5,7,アスクセクシーモア,2.5,0,0,0,0,1,2.0,0.5,0,-1,-1,0,0,0,0.0,0,0,0,0,0
12,6,8,13,ヴェルミセル,2.0,0,0,0,0,1,0.0,1.0,0,0,0,0,0,0,0.0,0,0,0,-1,0
7,7,7,12,キングズパレス,1.5,3,0,0,0,0,0.0,0.5,0,-2,0,0,0,0,0.0,0,0,0,0,0
8,8,6,10,マイネルケレリウス,1.5,0,0,0,0,0,0.0,0.5,0,0,0,0,0,0,0.0,0,0,0,-1,0
9,9,1,1,アマキヒ,1.5,0,0,0,0,0,0.0,0.5,0,0,0,0,0,0,0.0,0,0,0,0,0
11,10,3,3,ボーンディスウェイ,1.0,0,0,0,0,0,0.0,1.0,0,0,0,0,0,0,0.0,0,0,0,0,0
5,11,8,14,キングスコール,0.5,0,0,0,0,0,2.0,0.5,0,0,-2,0,0,0,0.0,0,0,0,0,0
14,12,4,5,ギャンブルルーム,0.5,0,0,0,0,1,2.0,0.5,0,0,-2,0,0,0,0.0,0,0,0,-1,0
4,13,5,8,ミラージュナイト,0.0,0,0,0,0,0,2.0,0.0,0,-1,-1,0,0,0,0.0,0,0,0,-1,0
13,14,2,2,ショウナンバシット,-2.0,0,0,0,0,1,0.0,0.0,0,0,0,0,0,-3,0.0,0,0,0,-1,0

ワイド払戻し（人気TOP3×システム最上位軸→予想TOP5流し）
軸馬,軸人気,軸実結果,相手馬,払戻し(円),的中
ウィクトルウェルス,1,2,ハーツコンチェルト,0,×
ウィクトルウェルス,1,2,ファイアンクランツ,300,○
ウィクトルウェルス,1,2,ダノンシーマ,240,○
ウィクトルウェルス,1,2,アスクセクシーモア,0,×
投資合計,,,,400,
払戻合計,,,,540,
回収率,,,,135.0%,
